size , Run1 Run2 Run3 Run4 Run5 Run6 Run7 Run8 Run9 Run10 Run11 Run12 Run13 Run14 Run15 Run16 Run17 Run18 Run19 Run20
1000makefile:24: recipe for target 'run' failed
makefile:24: recipe for target 'run' failed
makefile:24: recipe for target 'run' failed
makefile:24: recipe for target 'run' failed
makefile:24: recipe for target 'run' failed
makefile:24: recipe for target 'run' failed
makefile:24: recipe for target 'run' failed
makefile:24: recipe for target 'run' failed
makefile:24: recipe for target 'run' failed
makefile:24: recipe for target 'run' failed
makefile:24: recipe for target 'run' failed
makefile:24: recipe for target 'run' failed
makefile:24: recipe for target 'run' failed
makefile:24: recipe for target 'run' failed
makefile:24: recipe for target 'run' failed
makefile:24: recipe for target 'run' failed
makefile:24: recipe for target 'run' failed
makefile:24: recipe for target 'run' failed
makefile:24: recipe for target 'run' failed
makefile:24: recipe for target 'run' failed

1500makefile:24: recipe for target 'run' failed
makefile:24: recipe for target 'run' failed
makefile:24: recipe for target 'run' failed
makefile:24: recipe for target 'run' failed
makefile:24: recipe for target 'run' failed
makefile:24: recipe for target 'run' failed
makefile:24: recipe for target 'run' failed
makefile:24: recipe for target 'run' failed
makefile:24: recipe for target 'run' failed
makefile:24: recipe for target 'run' failed
makefile:24: recipe for target 'run' failed
makefile:24: recipe for target 'run' failed
makefile:24: recipe for target 'run' failed
makefile:24: recipe for target 'run' failed
makefile:24: recipe for target 'run' failed
makefile:24: recipe for target 'run' failed
makefile:24: recipe for target 'run' failed
makefile:24: recipe for target 'run' failed
makefile:24: recipe for target 'run' failed
makefile:24: recipe for target 'run' failed

2000makefile:24: recipe for target 'run' failed
makefile:24: recipe for target 'run' failed
makefile:24: recipe for target 'run' failed
makefile:24: recipe for target 'run' failed
makefile:24: recipe for target 'run' failed
makefile:24: recipe for target 'run' failed
makefile:24: recipe for target 'run' failed
makefile:24: recipe for target 'run' failed
makefile:24: recipe for target 'run' failed
makefile:24: recipe for target 'run' failed
makefile:24: recipe for target 'run' failed
makefile:24: recipe for target 'run' failed
makefile:24: recipe for target 'run' failed
makefile:24: recipe for target 'run' failed
makefile:24: recipe for target 'run' failed
makefile:24: recipe for target 'run' failed
makefile:24: recipe for target 'run' failed
makefile:24: recipe for target 'run' failed
makefile:24: recipe for target 'run' failed
makefile:24: recipe for target 'run' failed

2500makefile:24: recipe for target 'run' failed
makefile:24: recipe for target 'run' failed
makefile:24: recipe for target 'run' failed
makefile:24: recipe for target 'run' failed
makefile:24: recipe for target 'run' failed
makefile:24: recipe for target 'run' failed
makefile:24: recipe for target 'run' failed
makefile:24: recipe for target 'run' failed
makefile:24: recipe for target 'run' failed
makefile:24: recipe for target 'run' failed
makefile:24: recipe for target 'run' failed
makefile:24: recipe for target 'run' failed
makefile:24: recipe for target 'run' failed
makefile:24: recipe for target 'run' failed
makefile:24: recipe for target 'run' failed
makefile:24: recipe for target 'run' failed
makefile:24: recipe for target 'run' failed
makefile:24: recipe for target 'run' failed
makefile:24: recipe for target 'run' failed
makefile:24: recipe for target 'run' failed

3000makefile:24: recipe for target 'run' failed
makefile:24: recipe for target 'run' failed
makefile:24: recipe for target 'run' failed
makefile:24: recipe for target 'run' failed
makefile:24: recipe for target 'run' failed
makefile:24: recipe for target 'run' failed
makefile:24: recipe for target 'run' failed
makefile:24: recipe for target 'run' failed
makefile:24: recipe for target 'run' failed
makefile:24: recipe for target 'run' failed
makefile:24: recipe for target 'run' failed
makefile:24: recipe for target 'run' failed
makefile:24: recipe for target 'run' failed
makefile:24: recipe for target 'run' failed
makefile:24: recipe for target 'run' failed
makefile:24: recipe for target 'run' failed
makefile:24: recipe for target 'run' failed
makefile:24: recipe for target 'run' failed
makefile:24: recipe for target 'run' failed
makefile:24: recipe for target 'run' failed

3500makefile:24: recipe for target 'run' failed
makefile:24: recipe for target 'run' failed
makefile:24: recipe for target 'run' failed
makefile:24: recipe for target 'run' failed
makefile:24: recipe for target 'run' failed
makefile:24: recipe for target 'run' failed
makefile:24: recipe for target 'run' failed
makefile:24: recipe for target 'run' failed
makefile:24: recipe for target 'run' failed
makefile:24: recipe for target 'run' failed
makefile:24: recipe for target 'run' failed
makefile:24: recipe for target 'run' failed
makefile:24: recipe for target 'run' failed
makefile:24: recipe for target 'run' failed
makefile:24: recipe for target 'run' failed
makefile:24: recipe for target 'run' failed
makefile:24: recipe for target 'run' failed
makefile:24: recipe for target 'run' failed
makefile:24: recipe for target 'run' failed
makefile:24: recipe for target 'run' failed

4000makefile:24: recipe for target 'run' failed
makefile:24: recipe for target 'run' failed
makefile:24: recipe for target 'run' failed
makefile:24: recipe for target 'run' failed
makefile:24: recipe for target 'run' failed
makefile:24: recipe for target 'run' failed
makefile:24: recipe for target 'run' failed
makefile:24: recipe for target 'run' failed
makefile:24: recipe for target 'run' failed
makefile:24: recipe for target 'run' failed
makefile:24: recipe for target 'run' failed
makefile:24: recipe for target 'run' failed
makefile:24: recipe for target 'run' failed
makefile:24: recipe for target 'run' failed
makefile:24: recipe for target 'run' failed
makefile:24: recipe for target 'run' failed
makefile:24: recipe for target 'run' failed
makefile:24: recipe for target 'run' failed
makefile:24: recipe for target 'run' failed
makefile:24: recipe for target 'run' failed

4500makefile:24: recipe for target 'run' failed
makefile:24: recipe for target 'run' failed
makefile:24: recipe for target 'run' failed
makefile:24: recipe for target 'run' failed
makefile:24: recipe for target 'run' failed
makefile:24: recipe for target 'run' failed
makefile:24: recipe for target 'run' failed
makefile:24: recipe for target 'run' failed
makefile:24: recipe for target 'run' failed
makefile:24: recipe for target 'run' failed
makefile:24: recipe for target 'run' failed
makefile:24: recipe for target 'run' failed
makefile:24: recipe for target 'run' failed
makefile:24: recipe for target 'run' failed
makefile:24: recipe for target 'run' failed
makefile:24: recipe for target 'run' failed
makefile:24: recipe for target 'run' failed
makefile:24: recipe for target 'run' failed
makefile:24: recipe for target 'run' failed
makefile:24: recipe for target 'run' failed

5000makefile:24: recipe for target 'run' failed
makefile:24: recipe for target 'run' failed
makefile:24: recipe for target 'run' failed
makefile:24: recipe for target 'run' failed
makefile:24: recipe for target 'run' failed
makefile:24: recipe for target 'run' failed
makefile:24: recipe for target 'run' failed
makefile:24: recipe for target 'run' failed
makefile:24: recipe for target 'run' failed
makefile:24: recipe for target 'run' failed
makefile:24: recipe for target 'run' failed
makefile:24: recipe for target 'run' failed
makefile:24: recipe for target 'run' failed
makefile:24: recipe for target 'run' failed
makefile:24: recipe for target 'run' failed
makefile:24: recipe for target 'run' failed
makefile:24: recipe for target 'run' failed
makefile:24: recipe for target 'run' failed
makefile:24: recipe for target 'run' failed
makefile:24: recipe for target 'run' failed

5500makefile:24: recipe for target 'run' failed
makefile:24: recipe for target 'run' failed
makefile:24: recipe for target 'run' failed
makefile:24: recipe for target 'run' failed
makefile:24: recipe for target 'run' failed
makefile:24: recipe for target 'run' failed
makefile:24: recipe for target 'run' failed
makefile:24: recipe for target 'run' failed
makefile:24: recipe for target 'run' failed
makefile:24: recipe for target 'run' failed
makefile:24: recipe for target 'run' failed
makefile:24: recipe for target 'run' failed
makefile:24: recipe for target 'run' failed
makefile:24: recipe for target 'run' failed
makefile:24: recipe for target 'run' failed
makefile:24: recipe for target 'run' failed
makefile:24: recipe for target 'run' failed
makefile:24: recipe for target 'run' failed
makefile:24: recipe for target 'run' failed
makefile:24: recipe for target 'run' failed

6000makefile:24: recipe for target 'run' failed
makefile:24: recipe for target 'run' failed
makefile:24: recipe for target 'run' failed
makefile:24: recipe for target 'run' failed
makefile:24: recipe for target 'run' failed
makefile:24: recipe for target 'run' failed
makefile:24: recipe for target 'run' failed
makefile:24: recipe for target 'run' failed
makefile:24: recipe for target 'run' failed
makefile:24: recipe for target 'run' failed
makefile:24: recipe for target 'run' failed
makefile:24: recipe for target 'run' failed
makefile:24: recipe for target 'run' failed
makefile:24: recipe for target 'run' failed
makefile:24: recipe for target 'run' failed
makefile:24: recipe for target 'run' failed
makefile:24: recipe for target 'run' failed
makefile:24: recipe for target 'run' failed
makefile:24: recipe for target 'run' failed
makefile:24: recipe for target 'run' failed

6500makefile:24: recipe for target 'run' failed
makefile:24: recipe for target 'run' failed
makefile:24: recipe for target 'run' failed
makefile:24: recipe for target 'run' failed
makefile:24: recipe for target 'run' failed
makefile:24: recipe for target 'run' failed
makefile:24: recipe for target 'run' failed
makefile:24: recipe for target 'run' failed
makefile:24: recipe for target 'run' failed
makefile:24: recipe for target 'run' failed
makefile:24: recipe for target 'run' failed
makefile:24: recipe for target 'run' failed
makefile:24: recipe for target 'run' failed
makefile:24: recipe for target 'run' failed
makefile:24: recipe for target 'run' failed
makefile:24: recipe for target 'run' failed
makefile:24: recipe for target 'run' failed
makefile:24: recipe for target 'run' failed
makefile:24: recipe for target 'run' failed
makefile:24: recipe for target 'run' failed

7000makefile:24: recipe for target 'run' failed
makefile:24: recipe for target 'run' failed
makefile:24: recipe for target 'run' failed
makefile:24: recipe for target 'run' failed
makefile:24: recipe for target 'run' failed
makefile:24: recipe for target 'run' failed
makefile:24: recipe for target 'run' failed
makefile:24: recipe for target 'run' failed
makefile:24: recipe for target 'run' failed
makefile:24: recipe for target 'run' failed
makefile:24: recipe for target 'run' failed
makefile:24: recipe for target 'run' failed
makefile:24: recipe for target 'run' failed
makefile:24: recipe for target 'run' failed
makefile:24: recipe for target 'run' failed
makefile:24: recipe for target 'run' failed
makefile:24: recipe for target 'run' failed
makefile:24: recipe for target 'run' failed
makefile:24: recipe for target 'run' failed
makefile:24: recipe for target 'run' failed

7500makefile:24: recipe for target 'run' failed
makefile:24: recipe for target 'run' failed
makefile:24: recipe for target 'run' failed
makefile:24: recipe for target 'run' failed
makefile:24: recipe for target 'run' failed
makefile:24: recipe for target 'run' failed
makefile:24: recipe for target 'run' failed
makefile:24: recipe for target 'run' failed
makefile:24: recipe for target 'run' failed
makefile:24: recipe for target 'run' failed
makefile:24: recipe for target 'run' failed
makefile:24: recipe for target 'run' failed
makefile:24: recipe for target 'run' failed
makefile:24: recipe for target 'run' failed
makefile:24: recipe for target 'run' failed
makefile:24: recipe for target 'run' failed
makefile:24: recipe for target 'run' failed
makefile:24: recipe for target 'run' failed
makefile:24: recipe for target 'run' failed
makefile:24: recipe for target 'run' failed

8000makefile:24: recipe for target 'run' failed
makefile:24: recipe for target 'run' failed
makefile:24: recipe for target 'run' failed
makefile:24: recipe for target 'run' failed
makefile:24: recipe for target 'run' failed
makefile:24: recipe for target 'run' failed
makefile:24: recipe for target 'run' failed
makefile:24: recipe for target 'run' failed
makefile:24: recipe for target 'run' failed
makefile:24: recipe for target 'run' failed
makefile:24: recipe for target 'run' failed
makefile:24: recipe for target 'run' failed
makefile:24: recipe for target 'run' failed
makefile:24: recipe for target 'run' failed
makefile:24: recipe for target 'run' failed
makefile:24: recipe for target 'run' failed
makefile:24: recipe for target 'run' failed
makefile:24: recipe for target 'run' failed
makefile:24: recipe for target 'run' failed
makefile:24: recipe for target 'run' failed

8500makefile:24: recipe for target 'run' failed
makefile:24: recipe for target 'run' failed
makefile:24: recipe for target 'run' failed
makefile:24: recipe for target 'run' failed
makefile:24: recipe for target 'run' failed
makefile:24: recipe for target 'run' failed
makefile:24: recipe for target 'run' failed
makefile:24: recipe for target 'run' failed
makefile:24: recipe for target 'run' failed
makefile:24: recipe for target 'run' failed
makefile:24: recipe for target 'run' failed
makefile:24: recipe for target 'run' failed
makefile:24: recipe for target 'run' failed
makefile:24: recipe for target 'run' failed
makefile:24: recipe for target 'run' failed
makefile:24: recipe for target 'run' failed
makefile:24: recipe for target 'run' failed
makefile:24: recipe for target 'run' failed
makefile:24: recipe for target 'run' failed
makefile:24: recipe for target 'run' failed

9000makefile:24: recipe for target 'run' failed
makefile:24: recipe for target 'run' failed
makefile:24: recipe for target 'run' failed
makefile:24: recipe for target 'run' failed
makefile:24: recipe for target 'run' failed
makefile:24: recipe for target 'run' failed
makefile:24: recipe for target 'run' failed
makefile:24: recipe for target 'run' failed
makefile:24: recipe for target 'run' failed
makefile:24: recipe for target 'run' failed
makefile:24: recipe for target 'run' failed
makefile:24: recipe for target 'run' failed
makefile:24: recipe for target 'run' failed
makefile:24: recipe for target 'run' failed
makefile:24: recipe for target 'run' failed
makefile:24: recipe for target 'run' failed
makefile:24: recipe for target 'run' failed
makefile:24: recipe for target 'run' failed
makefile:24: recipe for target 'run' failed
makefile:24: recipe for target 'run' failed

9500makefile:24: recipe for target 'run' failed
makefile:24: recipe for target 'run' failed
makefile:24: recipe for target 'run' failed
makefile:24: recipe for target 'run' failed
makefile:24: recipe for target 'run' failed
makefile:24: recipe for target 'run' failed
makefile:24: recipe for target 'run' failed
makefile:24: recipe for target 'run' failed
makefile:24: recipe for target 'run' failed
makefile:24: recipe for target 'run' failed
makefile:24: recipe for target 'run' failed
makefile:24: recipe for target 'run' failed
makefile:24: recipe for target 'run' failed
makefile:24: recipe for target 'run' failed
makefile:24: recipe for target 'run' failed
makefile:24: recipe for target 'run' failed
makefile:24: recipe for target 'run' failed
makefile:24: recipe for target 'run' failed
makefile:24: recipe for target 'run' failed
makefile:24: recipe for target 'run' failed

